,,,All Recipient States of Residence,Alabama,Alaska,Arizona,Arkansas,California,Colorado,Connecticut,Delaware,District of Columbia,Florida,Georgia,Hawaii,Idaho,Illinois,Indiana,Iowa,Kansas,Kentucky,Louisiana,Maine,Maryland,Massachusetts,Michigan,Minnesota,Mississippi,Missouri,Montana,Nebraska,Nevada,New Hampshire,New Jersey,New Mexico,New York,North Carolina,North Dakota,Ohio,Oklahoma,Oregon,Pennsylvania,Puerto Rico,Rhode Island,South Carolina,South Dakota,Tennessee,Texas,Utah,Vermont,Virginia,Washington,West Virginia,Wisconsin,Wyoming,Unknown
To Date,All Recipient Ages,,"556,302","8,571",794,"10,582","4,266","61,778","7,139","5,729","1,792","1,522","29,701","14,141","1,934","2,093","26,399","9,917","5,540","4,200","6,325","7,471","1,885","13,854","11,493","18,942","10,383","4,978","10,170","1,400","3,222","3,555","1,770","17,186","3,136","37,954","15,024","1,291","20,983","5,305","5,047","25,899","2,917","1,831","8,166","1,483","10,541","41,489","4,211",880,"15,508","9,658","3,010","10,537",657,"22,043"
,< 1 Year,,117,1,0,0,1,18,1,2,0,0,2,4,0,0,5,1,2,1,0,0,0,0,0,6,11,0,1,0,0,0,2,12,1,4,1,2,1,1,0,2,0,1,1,3,3,3,0,0,2,1,0,5,0,16
,1-5 Years,,"5,284",104,8,92,58,570,64,52,20,12,259,152,15,28,226,117,67,51,71,88,12,93,74,176,131,47,105,10,48,39,11,108,20,295,138,9,178,66,68,240,10,19,78,16,110,423,54,11,132,109,31,113,6,250
,6-10 Years,,"5,023",70,7,90,46,557,60,39,14,16,233,132,10,29,220,99,55,29,60,73,17,102,84,152,98,57,93,9,37,28,15,110,25,360,121,7,171,67,51,207,25,18,79,19,101,438,50,10,120,91,36,89,4,293
,11-17 Years,,"15,572",284,20,247,122,"2,026",220,107,34,32,669,456,45,71,766,303,179,127,193,260,58,280,252,487,278,162,264,43,110,95,54,440,133,"1,002",409,41,528,194,140,582,69,48,231,40,230,"1,253",169,29,379,276,84,258,21,772
,18-34 Years,,"90,092","1,514",115,"1,446",726,"10,391","1,230",842,228,218,"4,121","2,159",298,407,"4,299","1,692",843,723,"1,070","1,327",327,"1,833","1,722","2,966","1,658",864,"1,585",255,494,607,263,"2,449",458,"5,668","2,264",168,"3,165",875,823,"3,602",574,301,"1,238",205,"1,737","7,005",955,135,"2,260","1,541",399,"1,659",120,"6,268"
,35-49 Years,,"160,863","2,735",230,"2,677","1,355","17,354","2,005","1,737",479,449,"7,891","4,223",544,583,"7,617","2,950","1,507","1,174","1,899","2,317",549,"3,953","3,298","5,540","2,928","1,606","2,815",381,916,"1,005",522,"4,686",903,"10,201","4,408",343,"5,959","1,527","1,499","7,081",874,531,"2,417",386,"3,306","12,561","1,150",246,"4,506","2,693",832,"3,064",183,"8,268"
,50-64 Years,,"198,849","3,061",315,"4,067","1,460","22,001","2,420","2,082",678,589,"10,810","5,191",733,664,"9,621","3,397","1,946","1,501","2,208","2,584",672,"5,324","4,256","6,853","3,648","1,716","3,577",487,"1,161","1,245",639,"6,492","1,088","14,049","5,545",500,"7,918","1,840","1,685","9,630","1,046",692,"2,933",562,"3,802","14,770","1,258",290,"5,848","3,336","1,145","3,894",243,"5,377"
,65 +,,"80,501",802,99,"1,963",498,"8,861","1,139",868,339,206,"5,716","1,824",289,311,"3,645","1,358",941,594,824,822,250,"2,269","1,807","2,762","1,631",526,"1,730",215,456,536,264,"2,889",508,"6,375","2,138",221,"3,063",735,781,"4,555",319,221,"1,189",252,"1,252","5,036",575,159,"2,261","1,611",483,"1,455",80,798
,Unknown,,1,0,0,0,0,0,0,0,0,0,0,0,0,0,0,0,0,0,0,0,0,0,0,0,0,0,0,0,0,0,0,0,0,0,0,0,0,0,0,0,0,0,0,0,0,0,0,0,0,0,0,0,0,1
2023,All Recipient Ages,,"13,554",176,21,277,100,"1,569",208,138,42,24,820,431,36,55,742,209,103,94,147,173,37,280,246,421,211,135,221,24,59,123,38,464,64,"1,100",472,36,570,106,132,473,49,35,243,26,287,"1,202",114,11,434,210,82,237,16,31
,1-5 Years,,100,1,0,1,1,8,6,1,0,0,9,0,0,0,3,1,0,6,2,0,1,0,1,7,3,0,2,1,1,0,0,0,0,5,1,1,4,2,0,3,0,1,3,0,1,9,1,0,6,6,0,2,0,0
,6-10 Years,,77,1,0,1,1,6,0,0,0,0,7,1,1,2,2,1,0,2,1,1,0,4,2,3,2,1,2,0,0,3,0,3,0,2,2,0,6,0,1,1,0,0,0,0,3,8,0,0,3,1,0,3,0,0
,11-17 Years,,212,2,0,2,1,34,5,1,1,0,11,3,0,2,11,3,1,1,4,4,0,3,2,7,2,1,0,0,1,2,2,3,2,10,11,2,6,4,1,6,0,3,2,1,3,32,4,0,8,3,1,1,1,2
,18-34 Years,,"1,403",16,1,33,5,197,25,12,3,1,79,48,2,11,65,24,11,13,16,22,3,25,16,44,21,13,17,3,3,20,1,43,6,98,42,5,42,14,13,46,5,3,20,4,29,144,29,2,30,30,5,34,3,6
,35-49 Years,,"3,174",54,1,60,30,368,51,27,8,5,194,115,12,8,172,58,23,23,35,49,1,50,54,101,48,36,63,9,20,23,11,84,18,217,114,4,123,37,37,111,10,7,61,9,70,308,26,4,95,50,17,53,2,8
,50-64 Years,,"5,289",76,12,105,46,590,76,66,22,13,309,178,13,21,318,79,43,32,55,54,17,136,98,144,79,56,71,7,17,45,13,207,24,426,189,19,225,32,55,159,24,15,98,5,126,482,32,1,172,66,26,98,9,8
,65 +,,"3,299",26,7,75,16,366,45,31,8,5,211,86,8,11,171,43,25,17,34,43,15,62,73,115,56,28,66,4,17,30,11,124,14,342,113,5,164,17,25,147,10,6,59,7,55,219,22,4,120,54,33,46,1,7
2022,All Recipient Ages,,"25,500",354,38,532,199,"2,875",438,278,74,55,"1,720",886,99,107,"1,366",410,214,197,286,355,60,536,520,690,445,233,448,51,115,240,58,848,143,"1,970",786,47,990,197,213,937,89,68,490,50,516,"2,328",200,21,779,427,90,367,34,31
,< 1 Year,,1,0,0,0,0,0,0,0,0,0,0,0,0,0,0,0,0,0,0,0,0,0,0,0,0,0,0,0,0,0,0,0,0,0,0,0,0,0,0,1,0,0,0,0,0,0,0,0,0,0,0,0,0,0
,1-5 Years,,148,4,0,1,3,12,3,1,0,1,7,3,0,3,7,5,1,3,4,3,0,4,0,6,4,0,5,0,1,1,0,3,0,4,5,0,6,1,1,8,0,1,3,0,4,13,3,0,8,3,1,1,0,1
,6-10 Years,,122,3,0,3,0,10,1,1,0,0,6,3,0,1,4,4,1,0,1,0,0,2,1,4,3,1,2,0,3,1,0,3,0,14,3,1,7,3,0,3,2,1,2,0,4,13,1,0,4,3,0,2,0,1
,11-17 Years,,432,7,0,7,2,65,5,3,1,3,26,9,0,1,16,5,4,4,4,10,1,6,3,18,9,3,8,1,2,3,0,14,2,33,15,1,12,6,5,15,0,2,6,0,9,54,6,0,14,3,3,6,0,0
,18-34 Years,,"2,841",41,1,70,19,395,65,25,5,7,164,106,9,13,180,56,27,14,34,48,9,52,51,59,57,21,45,9,11,21,2,69,17,180,84,8,68,23,31,97,12,8,41,4,46,312,29,4,67,59,5,50,7,4
,35-49 Years,,"6,195",89,13,108,54,697,132,68,18,8,381,220,27,23,339,101,45,39,71,109,15,122,117,141,102,78,100,19,35,65,18,190,30,397,198,15,214,57,66,205,27,13,133,12,156,664,46,4,193,109,18,82,7,5
,50-64 Years,,"9,809",149,18,188,78,"1,082",146,114,27,23,680,384,44,38,535,154,76,79,113,131,21,223,219,273,163,77,162,13,39,100,19,336,46,804,301,14,406,69,66,358,39,29,185,24,194,856,62,8,306,141,44,132,10,11
,65 +,,"5,952",61,6,155,43,614,86,66,23,13,456,161,19,28,285,85,60,58,59,54,14,127,129,189,107,53,126,9,24,49,19,233,48,538,180,8,277,38,44,250,9,14,120,10,103,416,53,5,187,109,19,94,10,9
2021,All Recipient Ages,,"24,670",385,42,493,264,"2,777",347,259,69,68,"1,442",930,74,110,"1,317",445,219,197,246,359,62,551,447,612,396,220,452,61,136,235,52,732,131,"1,925",753,48,"1,032",168,217,847,92,71,452,64,513,"2,386",242,19,754,451,126,325,31,24
,1-5 Years,,184,4,0,5,4,18,2,0,2,1,4,4,2,1,7,5,3,0,2,1,0,1,3,9,11,3,6,0,3,2,1,1,1,16,4,0,10,1,2,6,0,1,3,0,5,12,0,0,5,2,2,5,1,3
,6-10 Years,,138,1,1,2,2,12,3,0,0,0,13,4,0,0,9,2,2,0,2,1,1,1,2,3,0,2,4,1,4,2,0,5,1,11,2,0,5,2,2,5,2,0,0,1,2,12,2,1,3,5,0,3,0,0
,11-17 Years,,497,3,1,15,3,55,10,5,2,2,26,11,0,3,25,9,4,2,7,10,3,11,9,9,10,8,14,0,2,1,2,19,3,31,11,4,15,4,5,21,0,3,5,1,9,56,7,2,9,16,1,11,1,1
,18-34 Years,,"2,975",45,7,52,30,368,57,28,4,13,156,129,4,16,170,48,29,27,17,56,5,60,42,56,49,19,47,5,13,25,7,81,19,232,97,6,102,28,27,88,17,10,50,12,62,340,42,2,72,53,11,34,2,4
,35-49 Years,,"6,115",103,8,100,82,694,71,71,15,14,338,260,19,28,349,126,40,44,59,98,12,122,112,169,111,63,82,13,28,64,14,146,32,437,198,9,224,46,62,175,23,15,133,19,143,645,67,3,196,114,23,88,4,4
,50-64 Years,,"9,492",161,16,186,87,"1,068",108,92,29,28,558,365,33,39,499,176,79,76,108,134,26,215,168,202,132,89,156,24,50,104,24,310,44,785,288,17,406,60,75,351,35,26,161,17,199,935,82,2,304,164,51,123,16,9
,65 +,,"5,269",68,9,133,56,562,96,63,17,10,347,157,16,23,258,79,62,48,51,59,15,141,111,164,83,36,143,18,36,37,4,170,31,413,153,12,270,27,44,201,15,16,100,14,93,386,42,9,165,97,38,61,7,3
2020,All Recipient Ages,,"22,817",352,24,483,194,"2,682",339,254,58,61,"1,612",745,61,107,"1,064",431,242,215,274,295,49,518,371,578,310,208,461,47,133,190,57,650,121,"1,429",740,30,"1,015",196,208,932,85,63,375,41,481,"2,108",179,13,792,415,135,342,27,25
,1-5 Years,,184,5,1,5,4,24,4,1,0,0,10,3,0,2,8,3,3,3,0,2,0,5,1,9,5,1,4,0,1,2,0,3,1,6,5,0,5,5,2,9,1,1,2,0,6,19,2,0,4,3,0,1,0,3
,6-10 Years,,129,1,0,2,2,17,2,0,0,1,9,2,0,1,6,3,1,2,2,3,1,5,1,2,3,2,1,0,0,1,0,5,1,6,5,0,1,1,5,2,1,0,2,0,3,15,4,0,2,3,0,2,0,1
,11-17 Years,,397,5,0,8,5,58,8,4,1,0,24,19,0,3,23,12,2,1,6,6,1,4,10,8,4,4,4,4,1,2,1,5,2,19,14,0,13,6,5,11,2,2,5,3,3,35,6,0,14,14,0,6,1,3
,18-34 Years,,"2,639",42,3,54,21,368,44,30,7,13,178,70,8,26,105,65,21,21,32,44,6,52,44,60,35,24,52,8,20,27,5,62,14,155,79,3,91,21,37,90,5,9,30,6,50,291,31,1,78,55,8,33,3,2
,35-49 Years,,"5,527",89,5,109,58,687,92,51,15,14,374,219,11,19,241,98,49,52,72,79,6,110,97,136,76,58,116,15,28,44,15,131,31,319,200,6,208,56,49,190,23,13,97,11,145,551,45,4,199,94,34,72,8,6
,50-64 Years,,"8,895",140,13,207,74,"1,001",108,102,17,16,648,299,24,33,435,148,91,82,104,117,26,217,145,233,115,86,160,12,56,72,17,289,43,576,289,15,422,73,66,357,35,24,167,9,175,801,51,3,334,148,59,148,9,4
,
,65 +,,"5,046",70,2,98,30,527,81,66,18,17,369,133,18,23,246,102,75,54,58,44,9,125,73,130,72,33,124,8,27,42,19,155,29,348,148,6,275,34,44,273,18,14,72,12,99,396,40,5,161,98,34,80,6,6
2019,All Recipient Ages,,"23,401",319,44,577,220,"2,708",347,262,52,72,"1,544",734,70,88,"1,105",392,209,204,248,355,52,530,461,656,355,210,465,38,133,127,71,726,122,"1,684",726,48,902,214,209,"1,013",93,66,364,52,422,"2,129",170,24,823,434,129,337,27,39
,1-5 Years,,164,2,2,2,2,14,1,0,1,1,6,3,0,2,9,2,4,0,2,2,1,5,1,5,0,1,4,0,2,1,0,3,2,9,6,0,10,6,2,8,1,0,2,0,2,19,3,0,7,6,1,1,1,0
,6-10 Years,,156,3,0,5,2,17,2,0,0,1,9,6,1,0,4,4,2,0,2,0,0,2,3,5,4,0,6,0,1,0,2,4,1,16,5,0,9,0,1,3,0,2,2,0,4,10,3,0,5,6,0,4,0,0
,11-17 Years,,440,5,2,18,3,60,9,1,4,0,23,15,1,5,16,10,7,0,5,2,1,8,4,13,13,0,4,0,3,2,1,11,2,33,21,2,15,5,2,16,2,0,6,4,4,44,5,1,11,11,3,5,1,1
,18-34 Years,,"2,746",32,5,77,21,377,52,30,5,7,139,86,10,13,117,41,23,16,23,44,6,52,60,66,47,37,50,8,17,18,11,81,17,173,86,6,99,26,35,100,12,7,39,5,59,281,25,4,78,58,17,37,5,6
,35-49 Years,,"5,624",89,12,128,71,673,81,60,11,18,355,207,13,24,288,96,50,46,60,113,13,112,95,145,78,58,92,6,24,43,11,148,27,336,187,9,225,42,54,214,28,12,111,12,103,578,45,4,191,102,22,83,5,14
,50-64 Years,,"9,142",145,17,206,76,"1,006",129,115,22,28,631,288,30,23,450,167,63,90,87,138,16,225,179,250,132,77,185,14,58,39,29,323,36,692,272,17,375,85,70,403,35,32,143,24,179,791,56,10,341,144,50,130,10,9
,65 +,,"5,129",43,6,141,45,561,73,56,9,17,381,129,15,21,221,72,60,52,69,56,15,126,119,172,81,37,124,10,28,24,17,156,37,425,149,14,169,50,45,269,15,13,61,7,71,406,33,5,190,107,36,77,5,9
2018,All Recipient Ages,,"21,167",332,19,553,163,"2,523",344,281,66,59,"1,366",618,80,88,976,348,210,196,253,251,61,535,421,696,311,187,383,43,110,113,45,636,104,"1,687",608,39,766,185,170,893,87,72,317,51,424,"1,763",149,13,640,424,97,323,29,59
,1-5 Years,,167,4,1,0,6,12,7,1,1,0,8,2,0,3,9,6,2,2,2,2,0,5,4,3,4,2,5,1,2,0,0,0,1,13,5,0,3,1,1,7,1,1,0,1,3,17,1,0,6,4,1,4,1,2
,6-10 Years,,160,1,0,0,3,19,3,0,1,0,12,4,0,1,6,9,2,1,1,2,0,4,4,5,5,1,4,0,0,1,0,7,1,10,4,0,5,2,1,5,0,2,3,0,5,15,0,0,0,5,0,3,0,3
,11-17 Years,,428,8,0,14,6,45,16,8,5,2,30,15,1,2,18,6,2,2,6,6,5,15,6,13,9,4,5,1,2,4,0,8,4,26,8,0,10,5,4,13,1,0,4,1,4,54,3,0,10,11,2,4,0,0
,18-34 Years,,"2,509",36,3,61,16,332,48,27,4,10,130,58,6,13,123,50,24,39,28,40,14,50,58,85,38,28,45,8,9,24,9,58,12,180,61,3,90,23,25,98,11,6,37,3,46,244,26,3,57,52,9,35,5,9
,35-49 Years,,"5,225",95,6,120,49,613,94,65,7,16,299,190,17,20,244,87,60,42,60,79,13,146,100,157,58,46,95,7,27,38,8,145,20,380,178,12,161,42,44,204,25,13,89,13,116,509,37,1,156,99,19,84,5,15
,50-64 Years,,"8,259",143,5,222,55,991,115,119,28,20,518,234,41,33,377,122,74,66,93,84,20,212,156,293,130,73,147,17,47,29,19,276,40,683,218,17,345,79,57,360,32,39,124,21,162,626,57,5,269,159,41,129,14,23
,65 +,,"4,419",45,4,136,28,511,61,61,20,11,369,115,15,16,199,68,46,44,63,38,9,103,93,140,67,33,82,9,23,17,9,142,26,395,134,7,152,33,38,206,17,11,60,12,88,298,25,4,142,94,25,64,4,7
2017,All Recipient Ages,,"19,849",318,35,546,108,"2,306",324,221,55,59,"1,095",513,74,85,895,309,194,181,243,260,75,511,410,604,372,185,372,32,133,121,68,624,124,"1,517",590,47,685,212,179,866,79,58,332,55,377,"1,761",166,14,607,380,73,340,24,35
,1-5 Years,,183,1,0,5,1,25,0,0,1,0,9,4,1,0,7,6,2,3,2,1,0,2,11,5,5,0,3,0,5,4,0,4,2,5,3,0,2,3,3,8,0,2,4,0,5,16,3,0,4,4,1,8,0,3
,6-10 Years,,131,4,1,5,1,15,2,0,1,1,6,5,0,1,4,4,1,3,2,0,0,1,5,5,3,3,2,0,0,0,0,2,0,6,4,0,3,3,1,4,0,0,3,1,1,8,2,0,5,5,4,3,0,1
,11-17 Years,,432,12,2,11,1,52,17,4,0,0,18,13,4,3,14,6,2,4,10,9,2,10,7,6,7,2,12,1,3,3,3,13,6,33,23,0,16,3,3,10,0,2,6,3,3,41,2,2,15,8,1,2,0,2
,18-34 Years,,"2,414",49,3,61,15,303,50,27,5,9,130,60,7,12,136,29,28,35,31,35,7,39,45,69,55,21,41,7,9,18,7,66,12,180,58,6,69,23,30,94,10,4,31,9,51,233,30,4,68,42,6,34,5,6
,35-49 Years,,"5,086",96,8,124,31,539,76,55,13,15,257,164,19,19,238,88,42,49,73,74,22,128,91,159,83,60,105,6,32,45,13,152,31,341,159,12,181,45,48,213,25,18,96,9,96,501,49,2,175,93,22,80,6,8
,50-64 Years,,"7,937",124,16,218,41,974,113,95,20,20,432,185,33,30,324,120,85,68,87,93,29,221,155,241,148,66,127,12,55,30,32,281,52,648,238,20,297,89,63,358,30,24,142,22,165,673,52,3,231,147,28,159,8,13
,65 +,,"3,666",32,5,122,18,398,66,40,15,14,243,82,10,20,172,56,34,19,38,48,15,110,96,119,71,33,82,6,29,21,13,106,21,304,105,9,117,46,31,179,14,8,50,11,56,289,28,3,109,81,11,54,5,2
2016,All Recipient Ages,,"19,060",280,22,545,117,"2,298",244,238,58,82,"1,080",514,64,72,855,326,169,159,183,220,50,478,414,669,353,200,388,27,97,138,53,600,129,"1,439",545,48,618,196,169,858,92,66,252,52,337,"1,693",143,16,528,352,78,364,21,71
,1-5 Years,,158,3,0,3,2,13,2,3,0,0,10,7,0,1,4,2,2,1,2,0,0,12,0,7,4,0,7,0,1,2,0,7,1,5,2,0,6,4,1,3,0,0,0,1,3,10,3,0,8,6,2,5,2,1
,6-10 Years,,133,4,0,3,2,9,3,5,0,0,11,4,1,0,5,1,1,0,2,3,0,0,3,3,1,1,2,0,1,0,0,0,1,10,6,0,3,1,1,10,0,0,1,0,2,22,3,0,1,2,1,2,0,2
,11-17 Years,,437,8,1,8,4,56,15,8,3,2,25,17,4,1,13,7,4,7,4,8,0,3,8,15,12,2,9,0,2,8,1,16,1,32,6,0,9,2,3,16,0,3,6,1,6,46,6,0,13,9,0,5,0,2
,18-34 Years,,"2,480",24,4,60,16,340,29,23,2,8,144,71,11,8,110,49,16,26,25,38,4,55,46,73,53,24,58,4,16,23,4,76,18,162,57,9,85,37,31,92,14,8,30,3,42,240,21,1,64,51,3,58,3,11
,35-49 Years,,"4,957",89,6,107,28,574,65,56,10,26,268,172,13,24,228,86,49,40,51,64,12,117,105,177,92,62,105,6,22,44,11,142,33,335,155,12,182,45,46,193,28,13,64,14,111,455,37,4,128,95,24,108,6,18
,50-64 Years,,"7,389",110,7,219,45,890,89,100,27,31,403,168,18,28,348,111,58,58,69,73,24,193,165,257,132,77,132,11,40,40,28,242,48,606,226,20,237,76,54,351,39,24,110,19,116,676,57,7,225,109,28,135,8,25
,65 +,,"3,506",42,4,145,20,416,41,43,16,15,219,75,17,10,147,70,39,27,30,34,10,98,87,137,59,34,75,6,15,21,9,117,27,289,93,7,96,31,33,193,11,18,41,14,57,244,16,4,89,80,20,51,2,12
2015,All Recipient Ages,,"17,878",250,33,450,106,"2,188",218,173,58,69,"1,095",545,75,72,712,293,156,140,175,215,55,550,383,620,339,146,319,40,120,136,62,603,98,"1,296",526,42,565,211,148,818,101,54,289,50,360,"1,507",127,25,488,311,71,307,25,63
,< 1 Year,,2,0,0,0,0,2,0,0,0,0,0,0,0,0,0,0,0,0,0,0,0,0,0,0,0,0,0,0,0,0,0,0,0,0,0,0,0,0,0,0,0,0,0,0,0,0,0,0,0,0,0,0,0,0
,1-5 Years,,163,1,0,3,1,16,2,2,1,1,11,2,1,2,5,4,1,3,1,1,2,3,4,12,9,2,2,0,1,1,0,1,0,12,2,0,9,1,2,6,0,0,1,1,2,17,1,1,4,1,1,4,0,3
,6-10 Years,,145,3,0,2,0,14,4,0,0,2,7,5,0,3,6,3,5,1,1,1,0,4,1,6,3,1,1,0,0,4,1,4,2,9,3,0,2,2,1,8,0,0,8,0,4,11,2,0,4,4,1,2,0,0
,11-17 Years,,408,8,1,4,5,42,12,4,1,1,28,19,0,4,19,7,2,1,6,8,0,10,9,8,8,5,6,1,5,1,1,12,1,28,10,0,18,6,3,10,0,1,3,1,9,47,3,0,8,8,2,7,1,4
,18-34 Years,,"2,519",36,2,45,17,323,42,31,6,6,154,70,9,17,119,47,14,16,28,37,4,51,48,76,49,22,57,4,15,21,6,70,13,178,76,4,72,30,27,114,15,7,45,4,55,234,23,3,69,49,7,39,3,10
,35-49 Years,,"4,834",78,6,109,35,562,57,43,13,22,284,165,21,11,176,86,31,51,54,65,16,133,97,200,84,47,100,14,33,36,18,155,30,306,141,7,152,60,44,217,36,17,72,13,128,443,35,2,141,80,17,70,7,14
,50-64 Years,,"6,736",98,15,198,32,826,72,64,26,26,388,209,31,26,272,96,73,54,54,78,20,234,136,205,133,47,96,13,47,40,21,256,34,514,210,24,232,69,46,317,39,18,107,20,121,573,42,13,184,97,30,132,11,17
,
,65 +,,"3,071",26,9,89,16,403,29,29,11,11,223,75,13,9,115,50,30,14,31,25,13,115,88,113,53,22,57,8,19,33,15,105,18,249,84,7,80,43,25,146,11,11,53,11,41,182,21,6,78,72,13,53,3,15
2014,All Recipient Ages,,"17,108",263,33,393,88,"2,009",225,183,60,55,961,464,88,78,772,314,187,137,159,245,72,499,375,608,295,151,333,36,118,113,53,509,119,"1,213",561,39,615,201,149,777,105,68,257,47,324,"1,348",136,28,426,368,82,291,15,63
,< 1 Year,,3,0,0,0,0,2,0,0,0,0,0,0,0,0,0,0,0,0,0,0,0,0,0,0,0,0,0,0,0,0,0,0,0,0,0,0,0,0,0,0,0,0,0,0,0,0,0,0,0,0,0,0,0,1
,1-5 Years,,151,6,0,2,4,21,3,1,1,1,8,8,0,2,5,2,1,1,0,2,0,6,3,3,5,0,4,1,2,1,0,1,0,11,3,0,7,1,2,4,0,1,1,1,2,9,2,0,5,3,0,1,0,4
,6-10 Years,,128,1,0,1,1,20,0,1,0,0,7,4,2,1,7,2,0,3,0,4,1,1,1,3,4,0,3,0,1,0,0,6,0,6,4,1,4,3,0,7,0,2,0,1,2,14,0,0,5,1,1,1,0,2
,11-17 Years,,434,11,0,6,3,58,7,7,0,0,24,16,2,2,19,10,4,2,4,7,3,11,10,14,4,3,6,2,3,2,2,10,6,39,14,4,15,6,1,7,0,2,12,1,6,40,5,0,12,5,1,3,1,2
,18-34 Years,,"2,068",33,6,47,17,260,34,17,8,7,111,53,9,11,94,33,17,16,24,33,9,40,40,61,42,14,31,6,9,16,7,53,14,152,77,1,77,26,17,94,11,6,28,7,32,186,27,3,42,57,5,30,5,13
,35-49 Years,,"4,363",73,7,94,19,495,54,55,20,13,247,136,20,19,203,70,42,41,36,66,14,129,78,161,69,39,87,6,40,30,15,112,28,288,145,2,168,58,41,195,26,17,64,13,106,374,37,6,116,83,15,78,1,12
,50-64 Years,,"6,645",103,17,156,32,792,81,62,19,18,332,179,33,29,288,119,73,54,64,104,29,183,168,248,120,71,115,16,40,45,19,218,48,492,214,21,260,66,57,302,44,26,90,15,121,515,38,8,163,132,42,133,6,25
,65 +,,"3,316",36,3,87,12,361,46,40,12,16,232,68,22,14,156,78,50,20,31,29,16,129,75,118,51,24,87,5,23,19,10,109,23,225,104,10,84,41,31,168,24,14,62,9,55,210,27,11,83,87,18,45,2,4
2013,All Recipient Ages,,"16,896",259,26,409,93,"2,066",238,177,72,45,917,453,69,81,825,308,221,123,191,193,55,498,361,633,271,152,311,42,138,120,57,534,100,"1,098",497,38,610,177,134,820,118,39,214,51,364,"1,289",131,25,446,349,98,281,24,55
,1-5 Years,,195,4,0,1,1,28,0,0,1,0,10,8,0,0,8,3,4,2,7,4,0,5,2,6,1,1,4,1,3,1,0,5,0,7,9,1,9,1,6,4,0,0,1,2,5,20,2,0,5,3,1,3,0,6
,6-10 Years,,147,0,0,1,0,20,2,2,2,1,7,7,1,2,3,1,2,1,2,2,1,2,2,8,3,1,4,1,2,1,1,2,2,4,1,0,9,2,1,7,0,2,5,0,3,14,1,0,6,3,0,1,0,2
,11-17 Years,,409,11,0,7,5,44,7,2,1,2,15,11,2,0,16,10,6,2,6,8,0,11,10,15,13,4,4,0,4,3,1,6,6,28,12,2,15,4,2,16,1,0,8,1,9,40,6,0,8,16,1,4,2,2
,18-34 Years,,"2,070",35,2,40,14,250,37,23,5,2,132,41,6,13,104,47,23,17,21,27,5,39,40,72,44,18,36,6,19,25,11,42,10,144,62,3,80,19,14,94,14,6,23,2,46,176,23,5,56,35,11,40,4,7
,35-49 Years,,"4,123",65,7,91,18,490,58,54,21,9,222,133,18,21,203,74,55,21,49,56,15,120,84,158,62,38,69,10,33,25,14,138,21,253,134,4,144,49,26,183,22,8,41,11,105,342,29,7,115,74,22,80,5,17
,50-64 Years,,"6,850",110,12,178,39,863,91,65,27,21,342,164,29,31,345,109,88,63,76,75,27,208,145,242,97,67,137,15,53,46,22,234,41,453,197,19,251,66,49,333,62,15,99,26,143,518,42,8,187,146,45,103,8,18
,65 +,,"3,102",34,5,91,16,371,43,31,15,10,189,89,13,14,146,64,43,17,30,21,7,113,78,132,51,23,57,9,24,19,8,107,20,209,82,9,102,36,36,183,19,8,37,9,53,179,28,5,69,72,18,50,5,3
2012,All Recipient Ages,,"16,487",224,31,351,126,"2,059",215,175,52,37,898,475,31,62,822,327,156,128,190,189,54,487,331,606,294,175,300,41,126,127,53,552,74,"1,181",511,30,627,168,128,687,99,65,232,49,329,"1,220",107,24,485,343,77,284,23,50
,< 1 Year,,2,0,0,0,0,1,0,0,0,0,0,0,0,0,0,0,0,0,0,0,0,0,0,0,0,0,0,0,0,0,1,0,0,0,0,0,0,0,0,0,0,0,0,0,0,0,0,0,0,0,0,0,0,0
,1-5 Years,,187,1,0,3,1,24,1,1,1,1,14,5,0,0,6,8,1,3,6,1,1,2,0,5,5,0,3,0,0,0,1,2,0,12,10,0,7,3,2,10,1,1,3,0,2,21,1,0,5,6,1,4,0,2
,6-10 Years,,139,3,1,3,1,15,5,1,1,0,3,6,0,0,2,3,0,0,1,2,2,2,2,3,5,3,3,0,3,0,0,1,1,15,5,0,4,4,0,8,0,0,0,0,4,11,3,1,6,2,0,0,2,2
,11-17 Years,,430,9,0,8,3,71,3,2,0,0,16,19,2,2,24,9,3,5,5,5,0,11,10,14,10,8,4,1,5,3,1,9,1,26,9,2,13,5,6,7,2,0,7,2,5,41,6,1,6,13,3,7,1,5
,18-34 Years,,"2,151",23,6,35,17,285,30,19,4,4,99,61,3,14,108,47,21,15,20,19,11,53,42,74,42,20,34,4,13,21,4,73,8,137,72,5,87,25,23,75,16,7,32,3,46,190,28,6,61,47,7,47,1,7
,35-49 Years,,"4,180",78,11,90,37,499,43,49,10,9,234,131,9,17,219,73,41,25,42,57,10,129,71,143,62,63,95,8,24,37,11,137,19,292,128,9,149,41,28,159,30,12,57,8,82,341,27,5,137,79,20,73,6,14
,50-64 Years,,"6,445",84,11,142,50,819,94,71,24,16,334,176,10,15,300,119,61,56,80,78,24,198,157,247,95,57,111,18,53,42,25,226,29,461,199,12,250,60,37,286,33,30,90,23,148,468,24,8,192,134,31,120,8,9
,65 +,,"2,953",26,2,70,17,345,39,32,12,7,198,77,7,14,163,68,29,24,36,27,6,92,49,120,75,24,50,10,28,24,10,104,16,238,88,2,117,30,32,142,17,15,43,13,42,148,18,3,78,62,15,33,5,11
2011,All Recipient Ages,,"16,816",254,25,385,126,"1,988",258,173,53,36,961,464,53,65,863,323,178,136,173,217,50,468,335,576,305,148,315,44,107,119,66,590,100,"1,199",566,42,581,184,133,698,97,51,242,56,351,"1,275",116,31,461,311,77,323,16,52
,1-5 Years,,173,6,0,5,0,20,3,2,0,0,5,7,0,3,8,4,2,3,0,2,0,4,3,7,3,1,7,1,2,3,0,2,0,9,4,0,2,3,2,12,0,2,4,0,3,13,1,1,2,5,0,5,0,2
,6-10 Years,,130,2,0,1,0,12,0,0,0,0,1,5,0,1,4,3,2,0,1,5,0,1,2,3,4,3,5,0,0,1,1,6,0,15,6,0,3,2,1,6,1,0,3,1,2,14,1,0,4,3,2,1,0,2
,11-17 Years,,454,11,0,7,5,68,6,1,0,1,15,22,0,3,29,8,2,5,4,8,3,8,8,7,7,4,4,2,6,1,1,17,3,34,13,0,12,10,2,13,1,0,6,1,4,51,6,1,12,7,3,8,1,3
,18-34 Years,,"2,012",30,2,36,18,260,34,17,5,2,118,39,4,7,99,39,24,16,24,37,11,52,34,76,32,15,29,8,13,12,6,59,14,128,57,1,71,30,17,66,11,10,21,6,62,197,15,2,50,33,8,44,4,7
,35-49 Years,,"4,417",64,6,82,31,520,75,49,16,13,275,132,13,19,220,89,45,24,47,69,12,115,96,145,84,49,85,8,22,35,20,122,23,302,156,9,172,41,27,179,15,15,71,11,90,379,25,6,114,84,21,82,3,10
,50-64 Years,,"6,679",103,9,172,49,798,92,71,21,12,344,187,28,24,345,125,63,53,74,71,18,197,131,242,120,57,115,13,47,37,26,270,37,497,240,18,245,67,48,287,45,20,89,27,145,458,37,14,202,107,32,128,6,16
,65 +,,"2,951",38,8,82,23,310,48,33,11,8,203,72,8,8,158,55,40,35,23,25,6,91,61,96,55,19,70,12,17,30,12,114,23,214,90,14,76,31,36,135,24,4,48,10,45,163,31,7,77,72,11,55,2,12
2010,All Recipient Ages,,"16,900",241,22,340,113,"1,899",277,199,60,36,976,437,64,54,845,340,192,111,209,240,45,456,389,577,333,145,313,46,112,102,57,595,106,"1,196",606,35,614,175,135,746,100,48,251,35,281,"1,331",114,44,487,322,82,300,19,48
,< 1 Year,,1,0,0,0,0,0,0,0,0,0,0,0,0,0,0,0,0,0,0,0,0,0,0,0,0,0,0,0,0,0,0,1,0,0,0,0,0,0,0,0,0,0,0,0,0,0,0,0,0,0,0,0,0,0
,1-5 Years,,158,7,0,3,0,22,0,2,0,0,7,8,1,0,3,2,4,2,1,2,1,3,2,4,1,0,3,0,1,5,3,2,1,13,3,0,7,1,1,6,0,1,2,0,6,11,2,0,2,5,0,3,0,5
,6-10 Years,,144,0,0,2,3,18,2,1,2,0,3,3,0,2,3,2,3,0,0,1,0,4,0,1,1,3,3,0,3,0,0,0,0,16,11,0,5,1,2,6,4,0,1,1,3,13,2,2,6,4,1,3,0,3
,11-17 Years,,445,10,0,3,6,56,8,1,3,1,18,11,2,1,27,15,9,5,6,9,0,8,11,15,7,4,7,2,2,5,1,14,3,29,10,0,15,9,4,19,4,1,7,1,7,37,1,2,10,10,1,8,0,0
,18-34 Years,,"2,167",31,1,32,14,277,38,28,5,2,114,57,4,9,134,42,35,18,28,25,3,51,48,57,45,20,45,7,15,16,4,77,14,129,75,7,57,26,20,69,13,7,38,7,33,205,34,4,54,39,7,35,2,10
,
,35-49 Years,,"4,485",70,4,76,29,487,71,57,13,8,244,128,18,18,241,95,34,24,54,69,12,125,94,145,96,50,88,8,26,29,15,160,20,311,165,5,181,38,26,194,27,16,70,9,71,392,22,10,133,91,22,83,3,8
,50-64 Years,,"6,686",94,15,153,45,747,117,82,23,22,361,167,26,13,327,118,79,41,92,101,25,187,156,249,123,58,105,15,48,35,24,215,43,467,246,13,248,70,58,309,34,20,93,7,119,524,39,18,213,117,39,119,12,15
,65 +,,"2,814",29,2,71,16,292,41,28,14,3,229,63,13,11,110,66,28,21,28,33,4,78,78,106,60,10,62,14,17,12,10,126,25,231,96,10,101,30,24,143,18,3,40,10,42,149,14,8,69,56,12,49,2,7
2009,All Recipient Ages,,"16,829",225,21,365,131,"1,816",232,172,51,49,893,402,53,43,894,310,158,128,213,227,69,534,389,657,321,168,353,46,109,83,64,606,128,"1,269",484,36,557,169,164,798,110,51,207,47,337,"1,279",129,37,498,276,82,316,23,50
,< 1 Year,,4,0,0,0,0,1,0,0,0,0,0,0,0,0,0,0,0,0,0,0,0,0,0,0,0,0,0,0,0,0,0,2,0,0,0,1,0,0,0,0,0,0,0,0,0,0,0,0,0,0,0,0,0,0
,1-5 Years,,179,5,1,0,1,30,0,4,0,0,8,16,0,1,10,4,3,0,0,0,1,2,4,3,4,1,3,0,2,0,0,5,0,9,5,0,2,1,2,11,0,0,3,0,5,16,2,1,4,3,0,5,0,2
,6-10 Years,,156,1,1,1,3,21,2,2,1,1,8,6,0,0,7,5,4,1,5,1,0,8,3,3,1,0,0,0,0,0,0,3,0,10,6,0,3,4,2,3,0,2,1,1,4,19,2,0,1,5,1,1,0,3
,11-17 Years,,528,12,0,7,5,76,9,1,0,2,29,11,2,3,25,10,10,5,6,11,0,8,12,11,14,4,12,1,5,4,3,10,8,42,6,1,17,7,3,17,3,2,5,1,9,54,10,3,12,9,3,6,1,1
,18-34 Years,,"2,205",32,2,39,18,279,26,22,4,7,95,44,6,8,127,44,15,19,34,37,9,66,54,70,33,27,40,6,14,15,6,70,16,165,62,0,74,24,22,92,7,5,34,6,48,190,30,2,57,33,10,50,4,6
,35-49 Years,,"4,544",45,8,98,37,492,50,52,12,14,212,117,11,13,211,74,37,35,71,68,24,153,112,206,72,47,84,7,25,23,19,175,38,311,152,8,143,37,34,216,30,19,52,4,109,388,24,7,157,75,20,94,7,15
,50-64 Years,,"6,552",102,8,136,51,652,96,68,25,19,332,160,24,13,375,126,62,53,73,89,29,205,139,262,131,72,145,19,41,27,30,222,52,486,195,13,256,74,69,307,54,17,74,27,126,477,38,15,193,113,36,119,10,15
,65 +,,"2,661",28,1,84,16,265,49,23,9,6,209,48,10,5,139,47,27,15,24,21,6,92,65,102,66,17,69,13,22,14,6,119,14,246,58,13,62,22,32,152,16,6,38,8,36,135,23,9,74,38,12,41,1,8
2008,All Recipient Ages,,"16,521",216,16,335,111,"1,895",202,170,65,38,906,361,62,44,867,288,136,128,166,212,51,383,334,646,333,199,320,37,87,84,59,622,118,"1,322",513,36,635,144,145,819,120,33,248,49,268,"1,227",119,36,505,290,86,347,22,66
,< 1 Year,,1,0,0,0,0,0,0,1,0,0,0,0,0,0,0,0,0,0,0,0,0,0,0,0,0,0,0,0,0,0,0,0,0,0,0,0,0,0,0,0,0,0,0,0,0,0,0,0,0,0,0,0,0,0
,1-5 Years,,137,2,1,7,0,13,4,3,0,0,5,3,1,0,8,5,0,0,1,2,1,1,3,5,6,0,1,1,2,1,1,4,0,16,5,0,3,1,1,6,0,0,1,1,3,8,0,0,3,4,0,3,0,1
,6-10 Years,,149,2,1,3,2,26,1,1,0,0,2,7,0,0,9,3,1,0,1,1,1,4,5,3,5,1,4,1,0,0,2,1,3,9,2,0,3,2,1,7,1,1,3,0,1,18,0,1,3,3,1,2,0,1
,11-17 Years,,486,11,0,3,4,66,3,4,1,1,25,16,1,2,25,9,10,4,2,7,0,10,7,15,11,7,15,4,3,1,4,19,5,27,21,0,12,4,6,24,1,1,11,1,7,34,9,0,11,9,0,8,0,5
,18-34 Years,,"2,254",29,2,44,14,293,27,22,4,7,104,57,15,7,121,36,19,20,23,29,6,41,44,83,34,34,44,2,14,19,4,72,13,172,69,5,75,18,24,82,26,4,30,6,37,204,25,4,92,32,16,38,4,8
,35-49 Years,,"4,460",57,4,87,41,530,58,45,14,12,240,95,12,15,233,80,29,32,44,55,15,107,97,166,88,67,89,7,22,21,19,162,36,344,144,9,164,44,36,184,28,11,61,12,71,388,29,8,125,81,20,95,8,19
,50-64 Years,,"6,517",93,6,139,38,719,70,60,29,17,345,134,24,15,354,105,48,51,74,84,18,154,125,267,130,70,122,14,35,26,21,249,49,508,213,14,278,53,56,353,55,12,104,18,121,456,39,16,198,114,37,160,7,20
,65 +,,"2,517",22,2,52,12,248,39,34,17,1,185,49,9,5,117,50,29,21,21,34,10,66,53,107,59,20,45,8,11,16,8,115,12,246,59,8,100,22,21,163,9,4,38,11,28,119,17,7,73,47,12,41,3,12
2007,All Recipient Ages,,"16,634",244,22,346,128,"1,865",177,154,61,31,875,397,53,62,787,288,143,119,165,251,69,406,391,656,351,219,358,44,111,113,75,614,97,"1,360",460,33,623,133,160,804,125,42,256,53,314,"1,154",123,46,479,261,87,372,18,59
,< 1 Year,,2,0,0,0,0,0,0,0,0,0,0,0,0,0,1,0,0,0,0,0,0,0,0,0,0,0,0,0,0,0,0,0,0,0,0,0,0,0,0,0,0,0,0,0,0,0,0,0,0,0,0,0,0,1
,1-5 Years,,162,5,0,3,3,10,3,3,0,1,11,2,0,1,6,4,1,1,1,0,0,2,1,4,6,6,2,1,1,0,0,4,1,14,5,0,5,3,1,10,0,0,4,0,7,11,4,1,4,2,5,1,0,2
,6-10 Years,,141,3,0,1,2,23,3,1,0,1,6,6,0,0,7,2,1,0,3,5,3,3,1,3,7,3,1,0,2,0,0,3,0,17,0,1,3,0,1,4,3,0,1,0,0,13,0,1,3,2,0,1,0,1
,11-17 Years,,491,6,2,5,5,69,3,7,0,1,24,14,0,0,25,8,6,6,7,12,4,5,8,15,6,4,10,0,0,4,4,17,3,30,9,1,20,4,4,24,4,1,10,0,8,54,5,2,10,9,3,12,0,1
,18-34 Years,,"2,265",33,3,47,12,276,32,19,5,5,103,49,5,14,110,38,20,15,28,37,11,44,43,80,48,37,50,6,11,24,11,76,10,186,73,3,92,21,27,78,22,6,26,5,41,177,25,3,74,39,9,46,3,7
,35-49 Years,,"4,677",82,5,83,35,499,51,41,23,5,241,127,9,14,225,74,29,33,47,67,19,115,119,179,97,79,93,11,29,30,20,168,33,376,118,9,205,36,44,209,37,12,85,12,91,347,31,10,136,85,26,105,4,17
,50-64 Years,,"6,519",91,11,154,49,708,55,59,19,15,338,151,25,23,324,114,54,38,65,100,23,167,159,285,143,80,147,19,53,40,28,239,36,535,191,12,223,44,52,342,43,20,94,24,132,425,39,17,199,82,36,161,10,26
,65 +,,"2,377",24,1,53,22,280,30,24,14,3,152,48,14,10,89,48,32,26,14,30,9,70,60,90,44,10,55,7,15,15,12,107,14,202,64,7,75,25,31,137,16,3,36,12,35,127,19,12,53,42,8,46,1,4
2006,All Recipient Ages,,"17,095",243,15,300,144,"1,888",220,141,55,40,817,387,67,70,923,299,158,111,178,217,78,430,389,668,419,122,359,38,126,109,78,578,115,"1,363",450,44,683,122,181,987,112,63,248,53,345,"1,147",122,49,542,242,117,375,17,51
,< 1 Year,,7,0,0,0,0,1,0,0,0,0,0,0,0,0,1,0,0,0,0,0,0,0,0,0,2,0,0,0,0,0,0,0,0,0,0,0,0,1,0,0,0,0,0,1,0,0,0,0,0,0,0,0,0,1
,1-5 Years,,163,2,0,8,1,17,1,1,0,0,10,5,0,0,7,4,1,0,1,4,0,4,2,8,6,2,0,0,3,1,1,4,0,11,8,2,3,0,4,7,0,0,1,0,6,11,2,0,7,1,1,4,0,2
,6-10 Years,,138,2,0,3,0,17,3,1,0,0,7,9,0,0,7,5,0,0,0,2,1,4,4,2,5,1,1,0,0,0,0,3,1,13,3,0,4,2,0,5,1,0,0,1,3,17,2,1,2,3,0,3,0,0
,11-17 Years,,584,9,0,12,3,109,9,5,0,1,15,20,1,2,30,11,7,7,13,5,3,10,9,25,12,4,8,2,5,5,1,23,6,39,21,1,17,7,8,29,6,4,7,1,13,33,1,2,9,4,3,6,0,1
,18-34 Years,,"2,521",34,4,48,22,325,33,17,9,2,104,64,8,12,142,51,22,26,24,28,13,54,38,79,65,16,43,8,14,15,15,61,12,190,70,4,111,12,20,102,29,12,43,8,57,218,33,5,79,41,19,51,1,8
,35-49 Years,,"4,771",85,0,63,54,552,53,42,12,13,209,105,13,20,264,81,40,31,56,66,22,114,130,190,119,36,85,12,40,30,22,171,34,401,135,14,180,41,47,230,35,17,71,14,98,304,32,13,168,58,32,100,7,10
,50-64 Years,,"6,523",89,7,121,51,628,88,62,20,22,318,136,32,24,361,116,62,38,61,82,32,182,145,281,152,54,161,10,52,45,29,209,45,504,167,15,263,43,65,406,32,22,90,18,134,439,41,20,224,100,44,155,6,20
,65 +,,"2,388",22,4,45,13,239,33,13,14,2,154,48,13,12,111,31,26,9,23,30,7,62,61,83,58,9,61,6,12,13,10,107,17,205,46,8,105,16,37,208,9,8,36,10,34,125,11,8,53,35,18,56,3,9
2005,All Recipient Ages,,"16,485",221,29,303,139,"1,781",218,142,43,48,888,356,76,48,868,357,154,110,191,226,55,393,390,637,358,143,319,51,103,93,61,568,97,"1,271",435,41,686,147,180,902,127,62,230,65,313,"1,103",106,37,503,266,90,378,21,56
,< 1 Year,,4,0,0,0,0,0,0,0,0,0,0,1,0,0,0,0,0,0,0,0,0,0,0,0,1,0,0,0,0,0,0,1,0,0,1,0,0,0,0,0,0,0,0,0,0,0,0,0,0,0,0,0,0,0
,
,1-5 Years,,155,6,0,3,1,17,0,3,0,0,5,6,1,0,6,4,2,2,1,4,0,0,0,2,4,4,1,0,3,1,0,5,0,5,9,0,5,1,8,5,0,1,3,1,3,13,2,0,3,4,2,5,0,4
,6-10 Years,,155,4,0,3,0,19,3,0,0,0,6,1,0,0,5,5,0,2,0,0,0,5,4,7,4,2,5,0,2,0,0,5,1,14,4,0,7,2,1,6,0,1,4,1,4,10,4,0,5,3,1,4,0,1
,11-17 Years,,578,5,0,6,6,73,9,5,2,0,34,20,0,2,24,19,7,4,7,8,1,7,10,27,6,6,15,1,4,10,2,13,7,47,19,1,24,6,6,21,4,3,9,3,9,39,4,2,15,9,2,12,0,3
,18-34 Years,,"2,492",45,3,37,30,321,45,16,5,6,126,62,9,9,147,53,18,18,36,41,12,63,51,85,42,22,60,5,17,13,6,83,6,174,61,5,101,24,26,110,32,4,32,8,58,174,21,3,59,34,8,55,3,8
,35-49 Years,,"4,751",57,13,91,39,505,60,58,12,12,219,94,28,16,262,109,42,29,51,72,20,120,111,188,113,55,99,14,33,34,16,163,33,362,114,12,179,27,57,238,41,26,72,18,100,318,37,11,158,74,26,97,7,9
,50-64 Years,,"6,167",84,10,122,53,614,68,44,13,26,349,125,31,16,319,132,62,47,77,82,16,142,154,249,134,45,101,22,36,30,23,190,41,465,168,16,284,60,52,352,40,20,80,27,108,434,30,14,220,111,36,159,9,25
,65 +,,"2,183",20,3,41,10,232,33,16,11,4,149,47,7,5,105,35,23,8,19,19,6,56,60,79,54,9,38,9,8,5,14,108,9,204,59,7,86,27,30,170,10,7,30,7,31,115,8,7,43,31,15,46,2,6
2004,All Recipient Ages,,"16,007",179,33,282,141,"1,926",189,138,48,44,805,409,50,66,822,323,181,107,155,272,61,371,362,661,371,147,281,46,101,99,67,561,84,"1,068",399,43,642,136,154,881,115,68,199,66,338,"1,077",135,25,460,300,83,380,21,35
,< 1 Year,,2,0,0,0,0,0,0,0,0,0,0,0,0,0,0,0,0,0,0,0,0,0,0,0,1,0,0,0,0,0,0,1,0,0,0,0,0,0,0,0,0,0,0,0,0,0,0,0,0,0,0,0,0,0
,1-5 Years,,152,1,0,4,1,24,2,2,1,1,8,4,0,0,5,5,3,1,5,4,0,0,2,3,5,2,3,0,0,0,0,3,0,7,3,0,7,1,2,5,0,0,3,1,0,10,2,0,7,6,0,7,1,1
,6-10 Years,,130,0,0,2,0,20,0,0,0,0,8,5,0,0,5,3,1,0,1,5,0,1,2,6,1,1,3,1,0,2,1,2,0,10,2,0,6,0,0,6,0,0,4,1,5,15,1,0,2,1,3,2,1,1
,11-17 Years,,479,5,2,6,3,60,5,3,0,0,30,29,2,1,34,8,8,5,4,5,3,7,7,19,8,6,6,0,6,1,1,16,0,32,7,2,9,1,8,14,2,2,10,0,8,38,9,0,16,9,5,10,1,6
,18-34 Years,,"2,671",36,6,41,35,326,39,19,6,5,119,66,8,12,148,52,20,22,31,41,7,53,55,110,58,35,47,6,15,16,13,93,17,175,68,5,93,15,23,129,18,13,40,12,61,200,35,1,100,54,12,51,5,4
,35-49 Years,,"4,834",62,7,83,39,564,66,55,16,15,217,126,17,28,240,112,57,31,51,96,14,120,103,202,109,42,83,11,31,27,21,172,27,328,116,16,184,49,50,265,43,18,59,16,118,334,38,10,125,75,19,113,6,8
,50-64 Years,,"5,882",59,15,112,59,695,60,44,13,18,293,148,17,21,287,113,67,35,51,98,28,153,151,250,137,46,109,18,39,46,27,209,25,399,163,14,265,49,54,331,47,28,70,32,113,371,36,7,166,115,27,138,4,10
,65 +,,"1,857",16,3,34,4,237,17,15,12,5,130,31,6,4,103,30,25,13,12,23,9,37,42,71,52,15,30,10,10,7,4,65,15,117,40,6,78,21,17,131,5,7,13,4,33,109,14,7,44,40,17,59,3,5
2003,All Recipient Ages,,"15,138",230,20,241,108,"1,801",178,142,55,39,707,317,59,61,792,322,152,93,181,238,57,328,338,606,358,140,221,47,110,98,69,457,75,938,400,53,567,168,209,922,113,68,191,61,309,"1,074",127,33,442,295,107,352,18,51
,1-5 Years,,155,4,0,3,2,17,0,3,0,0,8,8,1,1,10,2,3,0,0,7,0,2,1,8,1,1,0,0,0,0,0,11,2,11,6,0,3,5,3,7,1,0,7,0,1,8,2,0,2,2,0,2,0,0
,6-10 Years,,149,2,0,3,0,19,0,2,1,0,16,4,1,2,8,1,1,1,1,1,0,2,1,1,3,7,0,2,3,2,0,5,2,9,3,0,3,3,1,7,1,0,4,1,1,9,0,0,4,3,1,5,1,2
,11-17 Years,,506,13,1,5,2,90,2,1,0,2,29,13,1,1,26,9,9,5,6,8,3,11,5,14,10,8,4,1,8,2,1,18,3,32,10,2,21,8,6,19,3,3,9,2,11,29,6,3,12,5,4,10,0,0
,18-34 Years,,"2,514",45,3,35,22,322,33,13,9,6,108,56,7,14,131,51,25,14,29,46,10,58,56,93,48,18,37,6,22,19,9,70,14,153,70,9,109,17,42,121,26,12,37,10,63,194,25,3,69,52,16,46,2,9
,35-49 Years,,"4,644",60,6,73,39,501,60,51,18,10,187,85,17,22,259,101,44,31,57,67,22,91,107,185,107,54,77,13,25,31,29,147,19,289,132,15,181,45,61,254,35,24,54,14,108,378,38,8,150,84,38,116,7,18
,50-64 Years,,"5,483",91,7,93,34,632,63,50,16,17,256,123,24,18,289,119,51,34,66,94,16,125,126,239,137,48,75,21,41,32,22,149,30,332,144,20,198,69,80,359,40,26,62,24,99,360,45,10,172,115,37,126,8,19
,65 +,,"1,687",15,3,29,9,220,20,22,11,4,103,28,8,3,69,39,19,8,22,15,6,39,42,66,52,4,28,4,11,12,8,57,5,112,35,7,52,21,16,155,7,3,18,10,26,96,11,9,33,34,11,47,0,3
2002,All Recipient Ages,,"14,781",229,21,251,107,"1,657",165,159,69,43,652,347,68,52,768,323,173,110,190,208,68,391,312,593,327,126,213,45,87,87,53,469,71,995,348,42,629,143,194,864,87,70,175,48,318,"1,047",112,18,404,270,102,381,21,79
,< 1 Year,,5,1,0,0,0,1,0,0,0,0,0,0,0,0,0,0,0,0,0,0,0,0,0,0,0,0,0,0,0,0,0,2,1,0,0,0,0,0,0,0,0,0,0,0,0,0,0,0,0,0,0,0,0,0
,1-5 Years,,141,3,0,2,2,16,2,1,0,1,5,7,0,0,8,4,1,2,4,4,0,2,3,4,0,1,2,0,1,1,1,4,1,8,1,0,4,3,3,13,1,1,1,1,4,10,1,0,2,2,0,2,0,2
,6-10 Years,,157,3,0,3,3,19,1,0,1,0,6,4,0,1,5,3,1,1,1,5,1,3,3,4,1,3,1,1,2,2,1,7,0,15,3,1,7,2,3,5,2,0,5,1,2,9,2,0,5,1,1,3,0,4
,11-17 Years,,465,7,0,9,4,63,4,1,0,1,23,9,3,2,28,14,9,4,4,8,2,12,9,16,7,4,10,0,5,3,5,18,8,26,10,1,21,6,4,23,4,1,9,2,7,25,3,1,6,10,2,9,2,1
,18-34 Years,,"2,573",52,3,41,26,307,32,23,9,8,101,67,13,8,134,41,27,18,41,41,8,51,50,115,61,24,42,4,12,12,11,84,12,165,67,4,106,20,29,134,23,13,24,3,58,198,27,2,79,43,17,69,2,12
,35-49 Years,,"4,666",76,11,74,32,515,55,60,17,13,186,105,21,13,254,105,51,35,64,61,24,117,108,205,95,48,68,11,26,21,16,140,14,316,108,13,214,42,57,253,23,27,64,17,107,346,38,5,125,75,32,134,4,25
,50-64 Years,,"5,240",74,6,99,30,558,53,55,33,15,234,125,22,21,262,132,65,42,62,80,30,145,110,207,115,40,73,22,36,40,15,151,29,359,132,16,201,53,67,334,28,23,52,16,115,379,32,9,146,99,40,120,11,27
,65 +,,"1,533",13,1,23,10,178,18,19,9,5,97,30,9,7,77,24,19,8,14,9,3,61,29,42,48,6,17,7,5,8,4,63,6,106,27,7,76,17,31,102,6,5,20,8,25,80,9,1,41,40,10,44,2,7
,Unknown,,1,0,0,0,0,0,0,0,0,0,0,0,0,0,0,0,0,0,0,0,0,0,0,0,0,0,0,0,0,0,0,0,0,0,0,0,0,0,0,0,0,0,0,0,0,0,0,0,0,0,0,0,0,1
2001,All Recipient Ages,,"14,279",214,20,238,94,"1,544",150,157,59,42,731,329,52,41,671,263,172,94,187,216,86,453,345,553,334,134,226,47,76,107,51,499,68,943,326,59,599,154,191,823,113,76,236,50,271,902,111,17,395,268,86,299,16,91
,< 1 Year,,4,0,0,0,0,1,0,0,0,0,0,0,0,0,0,0,0,0,0,0,0,0,0,1,1,0,0,0,0,0,0,0,0,0,0,0,0,0,0,0,0,0,0,1,0,0,0,0,0,0,0,0,0,0
,1-5 Years,,152,1,0,2,0,21,1,0,1,2,7,3,3,1,9,2,3,2,4,2,1,2,0,3,4,3,5,0,0,1,0,6,0,3,3,1,14,4,1,6,0,0,4,0,0,13,1,0,1,1,3,3,0,5
,6-10 Years,,141,2,0,1,0,21,0,2,1,2,7,4,1,2,9,2,2,0,1,2,0,3,0,5,3,1,3,0,1,2,0,1,0,12,5,1,9,2,2,6,1,0,0,1,5,9,1,0,4,1,0,2,0,2
,11-17 Years,,429,9,0,7,0,74,3,6,2,1,17,16,2,1,20,12,6,6,7,7,1,10,12,12,5,4,4,1,5,1,2,13,1,28,3,1,14,7,4,26,4,0,9,2,4,25,1,0,11,9,0,7,1,6
,18-34 Years,,"2,684",31,3,28,21,281,23,24,9,6,136,54,8,9,142,54,32,21,38,46,20,76,65,126,58,32,52,8,16,23,7,85,11,200,55,3,126,26,35,123,32,12,43,5,66,184,27,2,72,48,9,49,6,16
,35-49 Years,,"4,669",83,7,88,38,508,49,52,17,14,212,111,16,14,202,97,54,27,58,67,32,156,110,180,107,41,63,17,30,28,25,158,28,327,122,17,193,44,56,259,33,26,72,15,85,318,36,9,123,93,27,96,3,26
,
,50-64 Years,,"4,912",78,10,84,29,507,57,64,21,12,256,122,20,12,242,86,51,35,64,72,21,160,122,185,121,45,76,18,16,42,13,174,19,280,118,28,204,53,72,299,37,30,87,19,97,296,38,4,143,89,38,110,6,30
,65 +,,"1,288",10,0,28,6,131,17,9,8,5,96,19,2,2,47,10,24,3,15,20,11,46,36,41,35,8,23,3,8,10,4,62,9,93,20,8,39,18,21,104,6,8,21,7,14,57,7,2,41,27,9,32,0,6
2000,All Recipient Ages,,"13,631",249,18,191,107,"1,478",166,142,56,40,659,314,43,66,672,241,180,100,138,208,70,515,291,539,321,92,267,56,75,91,41,477,79,882,318,42,601,115,156,722,82,63,216,32,268,928,98,22,335,279,85,277,19,109
,< 1 Year,,4,0,0,0,0,2,0,0,0,0,0,0,0,0,0,0,0,0,0,0,0,0,0,0,0,0,0,0,0,0,0,1,0,0,0,0,0,0,0,0,0,0,1,0,0,0,0,0,0,0,0,0,0,0
,1-5 Years,,107,3,0,0,2,12,3,1,0,0,8,2,0,0,9,6,1,1,0,2,0,1,1,2,1,1,5,0,1,3,0,0,0,7,2,0,5,0,3,4,0,0,1,0,4,5,1,1,1,1,2,4,0,1
,6-10 Years,,126,1,0,4,1,12,1,6,1,1,3,3,0,0,6,2,2,1,1,2,0,0,2,5,1,1,2,0,2,1,1,3,1,12,0,0,9,0,2,9,0,0,1,0,8,11,0,0,2,0,1,5,0,0
,11-17 Years,,392,9,0,5,2,53,4,2,1,0,17,7,0,5,18,7,6,2,4,10,1,8,4,20,6,3,10,3,1,4,2,26,4,21,12,0,11,2,4,19,1,1,5,0,10,24,3,1,14,8,0,8,0,4
,18-34 Years,,"2,603",47,0,37,30,315,31,29,9,6,111,64,10,12,122,55,34,26,28,49,17,73,64,108,45,24,39,6,14,21,6,91,16,162,56,9,106,23,25,120,26,13,44,7,50,180,32,3,52,52,18,61,3,22
,35-49 Years,,"4,652",88,7,63,29,488,54,54,15,13,202,102,15,23,256,84,63,38,45,75,20,179,98,182,126,29,96,23,30,29,15,148,26,324,122,17,202,37,59,223,28,19,78,13,86,336,32,7,124,85,27,77,5,36
,50-64 Years,,"4,535",89,10,70,39,470,52,39,23,18,226,116,15,20,217,77,54,24,46,54,23,194,101,190,112,30,89,20,20,24,14,165,24,283,101,10,210,42,48,248,21,26,62,7,94,310,27,8,114,96,28,88,10,37
,65 +,,"1,212",12,1,12,4,126,21,11,7,2,92,20,3,6,44,10,20,8,14,16,9,60,21,32,30,4,26,4,7,9,3,43,8,73,25,6,58,11,15,99,6,4,24,5,16,62,3,2,28,37,9,34,1,9
1999,All Recipient Ages,,"12,767",189,15,204,102,"1,345",141,130,57,50,683,282,56,59,596,205,151,98,152,177,57,459,283,493,274,115,270,39,64,73,32,459,70,868,304,37,493,133,121,691,79,48,194,42,248,886,107,29,345,234,106,262,16,144
,< 1 Year,,9,0,0,0,0,0,1,0,0,0,0,1,0,0,1,1,0,0,0,0,0,0,0,0,1,0,0,0,0,0,0,2,0,0,0,1,0,0,0,0,0,0,0,0,1,0,0,0,0,0,0,0,0,0
,1-5 Years,,136,1,2,2,0,21,1,3,2,0,5,1,1,1,8,2,2,0,1,5,0,0,1,0,4,2,1,1,1,1,0,4,1,10,3,0,2,2,2,11,0,1,2,0,1,12,2,1,4,4,1,3,0,1
,6-10 Years,,144,1,0,6,0,9,0,2,0,3,10,4,0,1,9,0,3,1,2,3,0,4,3,7,2,2,3,0,1,0,0,8,0,8,3,0,6,0,2,4,1,1,2,1,2,15,1,0,3,3,0,4,0,4
,11-17 Years,,461,4,1,6,6,59,7,3,0,1,18,12,1,1,27,8,5,4,4,8,1,10,9,7,11,4,6,1,3,5,4,17,7,30,15,2,18,4,3,23,1,1,13,2,3,35,7,0,16,8,6,6,1,7
,18-34 Years,,"2,570",38,0,36,19,274,27,32,10,9,133,66,11,11,109,50,26,22,27,41,13,82,55,99,49,30,61,10,13,14,6,96,14,190,75,2,103,22,16,109,26,11,43,6,51,175,28,2,78,49,21,48,4,28
,35-49 Years,,"4,288",71,6,64,35,465,38,49,17,19,208,85,15,19,207,63,47,36,68,50,19,157,101,176,83,45,86,12,27,20,8,148,23,273,104,13,183,38,49,219,23,14,66,13,91,303,31,10,110,92,35,86,4,64
,50-64 Years,,"4,208",64,5,81,37,422,52,32,23,14,229,92,23,21,205,71,55,31,41,54,15,165,97,169,97,27,94,14,16,23,11,148,19,289,84,15,161,57,43,243,26,19,57,17,89,282,32,11,117,63,35,87,6,28
,65 +,,951,10,1,9,5,95,15,9,5,4,80,21,5,5,30,10,13,4,9,16,9,41,17,35,27,5,19,1,3,10,3,36,6,68,20,4,20,10,6,82,2,1,11,3,10,64,6,5,17,15,8,28,1,12
1998,All Recipient Ages,,"12,455",198,17,186,104,"1,405",137,137,62,27,614,264,46,49,592,252,127,104,170,160,57,361,278,484,252,125,260,39,62,79,49,372,68,797,312,30,510,119,100,653,94,51,197,37,234,865,108,18,350,247,98,288,18,192
,< 1 Year,,3,0,0,0,0,1,0,0,0,0,0,0,0,0,0,0,0,0,0,0,0,0,0,0,0,0,0,0,0,0,0,0,0,0,0,0,0,0,0,0,0,0,0,0,0,1,0,0,0,0,0,1,0,0
,1-5 Years,,115,1,0,2,5,14,1,1,1,0,5,2,0,1,8,0,1,0,0,3,0,2,1,5,1,2,5,0,0,2,0,4,1,9,5,0,5,1,1,3,1,1,3,1,0,8,0,0,2,1,0,4,0,2
,6-10 Years,,153,0,0,4,0,15,4,2,0,0,9,3,0,0,7,5,0,0,4,1,1,7,4,5,2,2,6,1,0,1,2,4,1,8,3,0,8,2,6,4,0,0,3,0,3,10,1,1,7,2,2,2,0,1
,11-17 Years,,393,7,0,9,2,49,6,4,0,3,12,7,1,3,19,5,3,5,4,7,2,13,5,18,9,4,6,3,0,1,1,13,4,31,16,1,13,4,5,19,1,2,3,0,5,23,7,0,11,9,3,7,1,7
,18-34 Years,,"2,604",44,4,40,25,305,35,32,10,6,119,58,10,9,123,61,30,24,36,39,10,54,48,98,53,40,55,11,13,15,9,71,14,172,68,4,107,24,18,104,28,16,45,8,52,188,41,3,65,56,15,43,2,44
,35-49 Years,,"4,342",74,7,70,39,473,43,52,21,7,186,93,21,20,207,94,39,42,60,63,23,122,97,174,85,46,71,8,23,27,18,142,27,271,91,10,179,43,36,227,41,17,77,12,82,305,28,8,135,86,33,105,7,75
,50-64 Years,,"3,934",66,5,51,31,444,37,32,24,9,201,95,13,14,192,67,45,28,57,40,15,122,103,146,73,28,101,16,24,28,16,107,16,254,115,12,168,40,26,223,23,13,56,14,77,279,27,3,103,73,31,90,6,55
,65 +,,911,6,1,10,2,104,11,14,6,2,82,6,1,2,36,20,9,5,9,7,6,41,20,38,29,3,16,0,2,5,3,31,5,52,14,3,30,5,8,73,0,2,10,2,15,51,4,3,27,20,14,36,2,8
1997,All Recipient Ages,,"11,710",218,10,161,116,"1,344",133,127,42,29,626,261,36,44,558,207,119,98,171,186,38,292,297,464,257,92,233,35,62,70,41,383,55,746,284,28,499,94,109,643,55,60,181,32,218,756,88,24,326,184,97,275,13,193
,< 1 Year,,3,0,0,0,0,0,0,0,0,0,0,0,0,0,0,0,0,0,0,0,0,0,0,0,1,0,0,0,0,0,0,0,0,0,0,0,0,0,0,0,0,0,0,0,0,1,0,0,0,0,0,1,0,0
,1-5 Years,,132,0,0,5,0,23,2,0,1,0,6,4,0,1,6,2,1,0,5,4,0,0,5,2,2,0,0,1,1,2,1,3,0,9,2,1,4,1,0,6,0,1,4,1,3,11,0,0,0,5,0,5,0,2
,6-10 Years,,137,2,1,5,1,20,2,1,0,0,8,3,0,0,7,0,1,1,2,3,0,2,2,6,2,1,0,0,1,1,0,1,0,13,8,0,5,2,1,5,0,0,1,1,1,11,1,0,3,3,4,2,0,3
,11-17 Years,,405,12,1,2,3,55,2,4,0,1,17,7,3,2,20,10,1,3,7,10,2,6,8,17,8,8,9,0,4,0,0,13,2,24,11,1,20,2,5,23,4,0,4,2,8,24,2,0,11,3,3,10,2,9
,18-34 Years,,"2,487",62,2,46,23,286,42,24,8,2,118,69,8,13,124,37,23,19,35,45,9,53,61,114,51,23,56,9,10,18,13,76,10,154,64,2,97,19,22,102,18,19,33,10,52,153,24,7,74,37,11,44,6,50
,35-49 Years,,"4,181",85,3,53,52,461,46,46,17,12,204,78,13,10,191,90,45,39,57,61,15,101,110,156,88,30,71,12,30,24,13,146,25,278,98,9,178,39,42,231,13,20,68,11,77,289,34,8,129,62,38,98,4,71
,50-64 Years,,"3,647",55,2,41,34,419,33,41,13,14,212,89,11,13,183,60,38,33,52,54,11,111,103,149,76,28,86,11,15,19,11,115,13,217,84,11,157,25,34,212,19,18,66,5,68,225,24,8,89,62,35,94,1,48
,65 +,,718,2,1,9,3,80,6,11,3,0,61,11,1,5,27,8,10,3,13,9,1,19,8,20,29,2,11,2,1,6,3,29,5,51,17,4,38,6,5,64,1,2,5,2,9,42,3,1,20,12,6,21,0,10
1996,All Recipient Ages,,"11,411",214,18,139,103,"1,298",111,129,46,32,540,237,37,52,590,193,127,77,175,169,43,281,254,437,269,114,208,45,75,55,34,342,89,689,269,35,481,116,103,654,37,48,184,27,229,787,90,25,305,209,98,270,14,208
,< 1 Year,,7,0,0,0,0,1,0,1,0,0,0,1,0,0,0,0,1,0,0,0,0,0,0,1,1,0,0,0,0,0,0,0,0,0,0,0,0,0,0,0,0,0,0,0,0,0,0,0,0,0,0,1,0,0
,1-5 Years,,139,4,0,2,2,10,3,0,0,0,9,1,0,0,10,3,2,1,2,2,1,3,2,5,9,2,4,0,1,0,0,1,1,7,4,0,4,2,2,7,0,0,1,0,1,14,2,0,2,4,2,1,0,6
,
,6-10 Years,,146,2,0,6,2,17,3,1,0,0,3,2,0,1,10,3,0,1,4,4,1,3,3,4,6,1,1,1,2,0,0,2,1,10,2,0,6,2,1,4,1,3,1,1,5,11,0,0,4,5,3,1,0,2
,11-17 Years,,417,10,1,8,6,49,4,2,1,0,10,9,2,4,34,5,5,5,3,9,2,5,4,13,5,7,7,0,5,3,2,9,5,35,4,0,23,5,3,13,2,5,3,0,7,35,3,2,15,6,4,12,0,6
,18-34 Years,,"2,574",49,3,23,19,309,25,29,8,9,98,48,12,15,125,49,30,16,51,37,12,65,47,106,61,30,47,8,16,14,6,89,12,182,60,10,112,27,17,116,9,11,43,3,58,179,32,6,74,46,9,60,2,50
,35-49 Years,,"4,162",87,7,57,39,464,45,53,18,12,194,81,12,21,211,77,50,33,60,63,16,91,102,158,92,53,64,17,31,16,12,124,30,214,106,14,169,41,48,253,15,16,63,9,98,296,24,7,107,69,38,95,7,83
,50-64 Years,,"3,285",59,5,38,27,371,28,35,16,11,168,86,9,10,175,48,32,19,48,43,11,94,73,128,73,19,72,16,16,19,12,101,37,196,81,9,140,35,25,198,10,11,59,11,48,219,23,8,84,66,35,71,4,53
,65 +,,681,3,2,5,8,77,3,8,3,0,58,9,2,1,25,8,7,2,7,11,0,20,23,22,22,2,13,3,4,3,2,16,3,45,12,2,27,4,7,63,0,2,14,3,12,33,6,2,19,13,7,29,1,8
1995,All Recipient Ages,,"11,084",220,24,134,109,"1,239",136,117,44,42,569,264,28,44,617,199,114,92,167,185,32,273,235,443,247,119,235,41,57,52,34,305,83,721,233,24,475,150,113,579,44,38,158,34,215,756,92,34,243,162,62,226,8,217
,< 1 Year,,7,0,0,0,0,1,0,0,0,0,0,0,0,0,0,0,0,0,0,0,0,0,0,0,3,0,0,0,0,0,0,0,0,0,0,0,0,0,0,1,0,0,0,0,1,0,0,0,0,0,0,1,0,0
,1-5 Years,,112,2,0,2,2,11,0,1,0,0,12,2,0,1,2,1,1,3,1,6,0,0,0,4,2,1,1,0,0,2,2,1,1,9,5,1,4,1,3,8,1,0,2,0,2,5,3,1,1,1,0,1,0,3
,6-10 Years,,147,3,1,2,3,20,2,2,2,0,7,3,0,1,9,2,0,0,2,4,1,1,4,3,5,0,5,0,0,0,0,3,3,13,2,2,3,2,5,7,1,0,2,0,1,7,0,1,3,1,1,5,0,3
,11-17 Years,,454,8,0,9,2,56,5,1,1,1,15,17,2,4,31,8,5,4,11,10,3,7,8,12,9,6,12,2,5,1,1,7,6,35,11,2,19,6,5,13,4,0,9,1,9,31,5,1,10,5,4,4,0,11
,18-34 Years,,"2,624",56,6,33,31,279,22,25,5,5,123,72,7,10,147,54,28,30,38,43,10,51,44,104,60,29,47,10,18,12,11,78,16,190,69,2,112,42,24,114,17,7,42,3,51,203,30,5,57,41,13,50,3,45
,35-49 Years,,"4,064",77,7,49,32,459,56,52,16,18,182,94,7,16,237,73,45,25,56,67,9,128,88,169,82,53,73,16,21,15,10,111,31,266,85,8,169,55,40,214,12,16,48,14,90,295,25,16,74,62,22,81,5,93
,50-64 Years,,"3,070",68,8,34,36,353,41,28,18,16,187,70,10,9,167,55,32,28,52,50,8,75,70,131,69,30,75,9,11,18,5,83,16,169,57,8,136,36,32,168,8,15,48,11,54,184,21,8,76,40,21,67,0,49
,65 +,,606,6,2,5,3,60,10,8,2,2,43,6,2,3,24,6,3,2,7,5,1,11,21,20,17,0,22,4,2,4,5,22,10,39,4,1,32,8,4,54,1,0,7,5,7,31,8,2,22,12,1,17,0,13
1994,All Recipient Ages,,"10,646",205,18,155,102,"1,178",101,98,35,38,476,232,38,28,538,201,165,78,156,192,50,249,243,401,224,102,253,47,52,56,29,310,68,654,267,31,427,143,105,510,43,41,185,32,189,733,85,30,261,174,67,247,13,291
,< 1 Year,,4,0,0,0,0,1,0,0,0,0,0,1,0,0,0,0,0,0,0,0,0,0,0,0,0,0,0,0,0,0,1,0,0,0,0,0,0,0,0,0,0,0,0,0,0,0,0,0,1,0,0,0,0,0
,1-5 Years,,93,0,0,1,1,13,2,2,1,0,5,1,0,0,1,1,3,0,2,2,0,2,0,2,3,0,4,0,2,1,0,2,0,4,3,0,2,1,0,7,0,0,2,0,5,8,0,1,2,2,1,0,0,4
,6-10 Years,,140,2,0,3,2,16,3,0,0,1,6,1,2,1,11,4,2,1,2,0,0,4,1,6,3,1,0,0,0,0,0,2,0,9,0,0,12,3,1,6,0,0,3,2,2,13,0,0,1,0,3,4,0,7
,11-17 Years,,436,5,2,10,3,44,2,2,0,0,12,6,1,3,31,4,9,2,6,8,4,7,6,17,10,9,9,0,0,3,0,11,1,32,22,4,24,5,7,15,1,1,11,1,7,30,7,1,10,5,5,12,0,9
,18-34 Years,,"2,720",71,4,30,25,301,28,21,7,4,95,67,7,10,156,60,43,24,36,59,15,62,59,125,56,30,62,15,18,21,4,66,15,169,69,7,97,40,19,115,12,9,43,10,35,200,20,5,57,48,15,62,4,88
,35-49 Years,,"3,925",76,7,58,42,429,33,43,13,17,164,82,19,10,183,83,54,28,68,69,17,82,98,144,80,29,84,16,15,12,13,116,30,241,107,11,162,59,48,182,20,19,66,7,86,252,36,14,106,70,23,91,6,105
,50-64 Years,,"2,811",48,5,44,25,309,28,30,13,15,151,70,9,2,135,41,41,20,38,47,13,76,68,89,55,33,71,14,15,15,9,93,19,170,58,6,107,32,30,149,10,10,52,9,49,200,20,8,69,42,15,61,3,70
,65 +,,517,3,0,9,4,65,5,0,1,1,43,4,0,2,21,8,13,3,4,7,1,16,11,18,17,0,23,2,2,4,2,20,3,29,8,3,23,3,0,36,0,2,8,3,5,30,2,1,15,7,5,17,0,8
1993,All Recipient Ages,,"10,360",234,16,143,99,"1,216",134,120,30,29,461,218,26,25,477,208,121,82,167,164,33,252,221,387,242,93,208,34,68,67,38,273,57,589,195,23,434,141,102,530,45,28,148,23,203,676,100,17,227,171,57,227,17,464
,< 1 Year,,6,0,0,0,0,0,0,0,0,0,0,0,0,0,0,0,0,0,0,0,0,0,0,1,0,0,0,0,0,0,0,0,0,3,0,0,0,0,0,0,0,1,0,0,0,1,0,0,0,0,0,0,0,0
,1-5 Years,,145,3,0,3,0,13,3,3,1,1,9,3,1,1,5,1,5,2,5,5,0,3,2,9,5,1,2,1,1,0,0,1,2,4,2,1,4,1,2,5,0,1,2,2,4,9,1,0,4,1,1,4,0,6
,6-10 Years,,135,1,0,1,1,18,0,0,0,0,4,0,0,0,9,6,4,1,2,2,0,2,5,6,0,2,1,0,1,0,1,2,1,8,1,0,4,0,2,5,3,0,4,1,2,26,2,0,0,2,0,2,0,3
,11-17 Years,,376,10,0,5,6,54,9,1,0,2,5,4,0,1,20,3,6,4,6,8,2,3,5,25,6,6,10,3,6,2,1,10,2,26,7,3,9,5,2,18,2,0,4,0,3,18,5,0,10,9,4,7,2,17
,18-34 Years,,"2,815",50,7,45,20,342,40,35,16,9,122,66,4,7,127,60,29,21,51,54,7,55,63,88,67,39,46,11,20,14,11,73,22,160,66,2,113,30,27,132,17,5,45,5,67,176,44,6,60,44,12,56,3,124
,35-49 Years,,"3,759",106,6,48,38,417,45,36,7,12,164,76,16,9,187,80,36,38,56,54,13,104,76,146,89,24,80,11,27,19,14,101,16,214,71,6,141,62,39,190,19,8,57,6,73,258,20,7,86,66,17,81,9,178
,50-64 Years,,"2,674",59,3,33,29,317,31,38,5,4,127,62,4,5,112,52,38,14,41,35,10,76,58,93,58,20,58,7,11,25,10,80,13,147,44,10,131,40,25,137,4,13,33,8,49,165,22,3,59,46,21,69,2,118
,65 +,,450,5,0,8,5,55,6,7,1,1,30,7,1,2,17,6,3,2,6,6,1,9,12,19,17,1,11,1,2,7,1,6,1,27,4,1,32,3,5,43,0,0,3,1,5,23,6,1,8,3,2,8,1,18
1992,All Recipient Ages,,"9,738",190,12,89,92,"1,070",104,89,33,33,464,211,43,32,388,195,96,70,133,145,33,228,182,359,175,62,151,27,52,60,30,208,50,533,181,27,427,115,105,520,36,26,153,19,191,640,76,21,222,138,69,207,10,916
,< 1 Year,,4,0,0,0,0,1,0,0,0,0,1,0,0,0,0,0,0,0,0,0,0,0,0,0,0,0,0,0,0,0,0,0,0,0,0,0,0,0,0,0,0,0,0,0,0,0,0,0,0,0,0,0,0,2
,1-5 Years,,121,4,0,2,2,13,1,0,0,0,5,3,0,0,5,3,1,2,1,2,1,1,4,6,2,4,1,0,2,0,0,4,0,6,0,1,2,0,0,7,0,1,1,0,6,15,1,1,3,0,1,4,0,3
,6-10 Years,,122,3,0,3,0,9,1,1,0,0,5,1,0,1,4,3,4,0,2,2,0,6,0,6,0,1,4,0,1,3,0,2,0,6,3,0,1,3,0,7,0,1,2,0,3,14,1,0,4,2,2,3,0,8
,11-17 Years,,344,7,0,5,2,61,0,0,1,0,14,6,1,1,9,13,4,2,3,7,1,5,3,14,7,2,5,2,2,3,1,5,2,21,8,0,14,7,3,11,3,0,6,0,6,26,4,0,9,7,1,11,0,19
,18-34 Years,,"2,722",51,3,24,30,303,35,35,8,9,105,65,13,12,123,62,21,23,44,43,10,57,49,103,39,21,52,9,15,14,12,59,11,147,54,7,117,35,28,133,12,9,48,3,52,169,17,8,53,53,20,45,2,250
,35-49 Years,,"3,630",80,6,23,39,370,35,32,12,16,175,82,23,8,145,78,39,30,52,55,15,94,66,145,55,18,53,9,17,13,9,83,24,192,69,8,139,43,46,183,14,10,53,6,77,246,28,7,95,40,20,79,6,368
,50-64 Years,,"2,375",39,2,28,17,270,29,20,10,7,122,50,5,6,94,30,21,11,25,36,6,61,48,73,57,15,28,6,13,21,7,46,10,140,44,10,133,25,25,139,7,4,38,9,39,146,18,5,48,28,17,47,2,238
,
,65 +,,420,6,1,4,2,43,3,1,2,1,37,4,1,4,8,6,6,2,6,0,0,4,12,12,15,1,8,1,2,6,1,9,3,21,3,1,21,2,3,40,0,1,5,1,8,24,7,0,10,8,8,18,0,28
1991,All Recipient Ages,,"9,678",164,21,76,68,987,94,87,17,28,420,149,32,31,330,149,88,70,133,117,39,173,187,320,175,80,146,26,51,49,28,190,61,403,179,25,360,92,81,439,39,20,102,10,164,540,92,22,192,131,55,204,13,"1,929"
,< 1 Year,,10,0,0,0,0,1,0,0,0,0,1,0,0,0,1,0,1,1,0,0,0,0,0,0,0,0,1,0,0,0,0,2,0,0,0,0,0,0,0,0,0,0,0,0,1,0,0,0,1,0,0,0,0,0
,1-5 Years,,120,1,0,2,1,11,1,1,1,0,5,5,0,0,4,3,0,2,1,5,0,3,4,5,3,1,1,0,1,0,0,6,0,5,2,0,5,2,2,1,2,0,2,1,5,13,0,2,4,0,0,4,0,3
,6-10 Years,,163,3,0,3,2,14,0,1,0,0,9,3,0,3,7,1,6,3,3,1,0,3,5,7,1,3,7,0,1,0,2,2,1,11,7,0,2,4,2,13,0,0,3,0,5,5,1,0,3,1,1,6,0,8
,11-17 Years,,348,7,3,3,1,36,2,2,0,0,11,11,2,0,17,5,5,2,5,4,2,4,4,15,5,6,4,2,0,2,2,10,5,21,10,1,15,8,4,18,3,1,6,1,7,13,4,1,6,4,4,11,0,33
,18-34 Years,,"2,867",51,6,21,20,281,26,20,5,4,120,52,12,9,106,48,20,23,39,29,9,46,62,110,59,25,49,12,17,10,4,66,13,127,55,7,94,28,18,132,12,9,36,3,47,179,28,6,60,30,14,57,6,545
,35-49 Years,,"3,589",74,7,28,29,380,34,42,4,13,157,50,9,9,111,50,31,20,56,45,17,70,64,106,66,27,50,7,21,20,11,66,25,136,70,10,134,30,33,152,15,3,29,2,66,198,37,10,69,56,20,65,4,751
,50-64 Years,,"2,243",28,5,15,12,218,28,20,5,10,89,25,8,9,80,37,20,17,26,29,10,40,47,72,31,17,29,4,10,14,7,35,17,95,33,6,93,20,18,104,7,7,22,2,31,117,15,3,40,36,14,52,3,511
,65 +,,338,0,0,4,3,46,3,1,2,1,28,3,1,1,4,5,5,2,3,4,1,7,1,5,10,1,5,1,1,3,2,3,0,8,2,1,17,0,4,19,0,0,4,1,2,15,7,0,9,4,2,9,0,78
1990,All Recipient Ages,,"9,416",183,7,77,66,622,68,75,19,14,254,93,26,29,214,119,78,50,92,93,36,95,159,210,112,40,106,20,23,23,26,141,29,356,108,24,319,91,37,387,26,29,76,15,107,326,62,17,157,112,49,171,7,"3,741"
,< 1 Year,,8,0,0,0,1,1,0,0,0,0,0,0,0,0,1,0,0,0,0,0,0,0,0,2,0,0,0,0,0,0,0,0,0,0,0,0,0,0,0,0,0,0,0,1,0,0,0,0,0,0,0,0,0,2
,1-5 Years,,116,3,0,0,2,2,0,2,1,0,4,3,0,0,2,2,2,0,3,1,0,3,1,3,1,1,2,0,1,0,0,1,0,7,2,0,5,2,1,7,0,0,0,0,0,9,2,0,1,3,1,0,0,36
,6-10 Years,,146,4,0,1,1,9,0,2,0,0,1,0,0,0,7,0,0,1,2,4,0,2,1,5,3,1,3,0,0,0,0,3,0,6,2,0,3,3,1,7,0,0,2,1,0,9,6,1,4,2,1,1,0,47
,11-17 Years,,372,8,0,6,2,29,3,1,1,0,8,6,0,1,19,7,2,5,2,5,2,4,6,3,3,2,9,0,1,0,0,7,6,11,4,0,15,10,2,12,1,1,1,0,3,15,3,1,4,3,2,3,0,133
,18-34 Years,,"2,842",69,3,33,19,164,26,21,8,3,78,33,10,14,76,46,23,11,27,29,11,29,49,73,36,11,37,9,10,9,10,51,4,122,35,8,77,26,11,107,6,6,22,5,47,106,14,6,48,31,14,45,2,"1,072"
,35-49 Years,,"3,461",69,4,17,25,226,23,23,3,4,92,34,7,5,76,41,24,17,35,26,13,40,53,89,46,19,28,5,4,6,6,50,11,136,45,6,123,30,14,139,10,9,31,4,28,111,19,5,49,40,15,60,5,"1,461"
,50-64 Years,,"2,175",30,0,16,16,165,13,23,6,7,57,15,9,7,32,22,21,16,22,25,10,16,47,30,18,6,23,5,6,7,8,27,5,67,20,6,87,16,8,97,6,12,18,4,28,68,15,3,45,29,11,60,0,865
,65 +,,296,0,0,4,0,26,3,3,0,0,14,2,0,2,1,1,6,0,1,3,0,1,2,5,5,0,4,1,1,1,2,2,3,7,0,4,9,4,0,18,3,1,2,0,1,8,3,1,6,4,5,2,0,125
1989,All Recipient Ages,,"8,656",161,6,23,50,267,34,44,5,11,117,46,30,15,149,104,51,40,37,26,22,51,86,98,44,29,66,15,14,2,15,44,18,147,37,9,71,45,3,193,16,8,41,5,39,139,14,7,88,29,18,137,1,"5,889"
,< 1 Year,,6,0,0,0,0,0,0,0,0,0,0,0,0,0,0,0,0,0,0,0,0,0,0,1,0,0,0,0,0,0,0,0,0,0,0,0,1,0,0,0,0,0,0,0,0,0,0,0,0,0,0,1,0,3
,1-5 Years,,118,3,0,0,0,1,0,2,1,0,0,4,2,0,6,4,0,0,0,0,1,2,1,3,2,0,2,0,0,0,0,1,0,4,1,0,0,0,0,6,0,0,1,1,1,5,0,0,1,1,0,0,0,62
,6-10 Years,,146,2,0,0,4,5,2,1,0,1,1,3,0,0,3,2,0,1,0,0,2,0,0,4,1,1,1,0,0,0,0,0,0,3,1,0,0,1,0,5,0,0,0,0,2,1,1,0,1,1,0,1,0,95
,11-17 Years,,366,3,0,1,0,17,1,1,1,0,3,4,2,0,10,5,2,1,2,2,0,4,3,4,3,3,5,0,1,0,0,3,3,8,6,0,3,5,1,7,2,0,2,0,2,17,4,0,6,2,1,6,0,210
,18-34 Years,,"2,697",65,2,11,16,97,10,16,2,4,36,14,13,5,48,33,12,12,13,5,8,14,25,35,14,13,21,7,5,1,2,14,6,42,5,3,31,20,0,66,5,4,11,2,12,53,3,4,30,9,7,45,1,"1,765"
,35-49 Years,,"3,200",54,2,7,18,85,15,15,1,2,47,16,10,6,52,41,26,15,15,15,6,20,35,31,15,11,22,6,6,1,10,17,4,55,22,3,23,11,2,60,7,3,19,1,16,37,2,1,38,12,5,39,0,"2,218"
,50-64 Years,,"1,918",32,2,4,12,51,5,9,0,4,26,5,3,1,27,19,11,11,7,4,5,10,21,17,7,1,15,2,2,0,2,8,4,31,1,3,11,5,0,44,2,1,8,1,6,23,3,2,10,3,4,38,0,"1,395"
,65 +,,205,2,0,0,0,11,1,0,0,0,4,0,0,3,3,0,0,0,0,0,0,1,1,3,2,0,0,0,0,0,1,1,1,4,1,0,2,3,0,5,0,0,0,0,0,3,1,0,2,1,1,7,0,141
1988,All Recipient Ages,,"8,878",138,0,9,28,209,27,48,11,17,57,56,15,8,127,96,46,23,31,15,4,39,63,84,29,22,36,3,20,1,6,45,21,106,35,0,75,45,10,213,13,14,31,4,57,107,21,8,79,23,12,125,0,"6,566"
,< 1 Year,,8,0,0,0,0,0,0,0,0,0,0,0,0,0,0,0,0,0,0,0,0,0,0,0,0,0,0,0,0,0,0,0,0,1,0,0,0,0,0,0,0,0,0,0,0,0,0,0,0,1,0,0,0,6
,1-5 Years,,119,1,0,0,0,4,0,1,0,0,1,3,0,0,2,2,1,0,2,1,0,1,1,2,0,1,1,0,0,0,0,0,1,3,0,0,3,1,0,4,0,0,1,0,0,3,1,0,3,4,0,4,0,67
,6-10 Years,,123,0,0,1,1,4,0,0,0,0,0,1,0,1,4,0,0,0,3,0,0,2,2,0,1,0,0,0,0,0,0,0,0,4,0,0,1,2,0,7,0,0,3,0,0,6,0,0,2,0,0,0,0,78
,11-17 Years,,407,7,0,0,3,20,0,0,1,1,2,12,0,0,4,6,2,1,3,1,0,5,1,6,2,3,1,2,0,0,0,5,3,3,0,0,5,6,1,14,0,0,2,0,3,13,1,0,5,0,3,4,0,256
,18-34 Years,,"2,794",51,0,4,9,70,8,11,4,5,19,17,10,4,47,40,13,10,10,3,3,15,26,34,12,8,11,0,8,1,3,15,6,43,10,0,22,11,3,64,5,3,9,2,15,32,11,5,25,9,5,38,0,"2,005"
,35-49 Years,,"3,289",55,0,2,12,73,16,24,4,6,21,13,3,2,43,36,19,8,9,8,1,14,22,26,9,6,14,1,9,0,2,16,6,33,19,0,30,17,3,68,7,8,13,2,27,32,4,3,28,6,3,41,0,"2,465"
,50-64 Years,,"1,926",23,0,2,2,32,2,11,1,5,14,9,2,1,26,12,10,4,4,1,0,2,11,15,3,4,8,0,3,0,1,9,4,19,5,0,13,8,3,54,1,3,3,0,12,19,2,0,10,3,1,33,0,"1,516"
,65 +,,212,1,0,0,1,6,1,1,1,0,0,1,0,0,1,0,1,0,0,1,0,0,0,1,2,0,1,0,0,0,0,0,1,0,1,0,1,0,0,2,0,0,0,0,0,2,2,0,6,0,0,5,0,173
